tick,v0,g0,v1,g1,v2,g2,v3,g3,spikes
1,-52.00000000000000,0.00000000000000,-52.00000000000000,0.00000000000000,-52.00000000000000,0.00000000000000,-52.00000000000000,0.00000000000000,1000
2,-52.00000000000000,0.00000000000000,-52.00000000000000,0.00000000000000,-52.00000000000000,0.00000000000000,-52.00000000000000,0.00000000000000,0000
3,-52.00000000000000,0.00000000000000,-52.00000000000000,0.00000000000000,-52.00000000000000,0.00000000000000,-52.00000000000000,0.00000000000000,0000
4,-52.00000000000000,0.00000000000000,-52.00000000000000,0.00000000000000,-52.00000000000000,0.00000000000000,-52.00000000000000,0.00000000000000,0000
5,-52.00000000000000,0.00000000000000,-52.00000000000000,0.00000000000000,-52.00000000000000,0.00000000000000,-52.00000000000000,0.00000000000000,0000
6,-52.00000000000000,0.00000000000000,-52.00000000000000,0.00000000000000,-52.00000000000000,0.00000000000000,-52.00000000000000,0.00000000000000,0000
7,-52.00000000000000,0.00000000000000,-52.00000000000000,0.00000000000000,-52.00000000000000,0.00000000000000,-52.00000000000000,0.00000000000000,0000
8,-52.00000000000000,0.00000000000000,-52.00000000000000,0.00000000000000,-52.00000000000000,0.00000000000000,-52.00000000000000,0.00000000000000,0000
9,-52.00000000000000,0.00000000000000,-52.00000000000000,0.00000000000000,-52.00000000000000,0.00000000000000,-52.00000000000000,0.00000000000000,0000
10,-52.00000000000000,0.00000000000000,-52.00000000000000,0.00000000000000,-52.00000000000000,0.00000000000000,-52.00000000000000,0.00000000000000,0000
11,-52.00000000000000,0.00000000000000,-51.32944929048897,66.05427394172222,-52.67055070951103,-66.05427394172222,-52.00000000000000,0.00000000000000,0000
12,-52.00000000000000,0.00000000000000,-50.69186334141392,63.46424881408120,-53.30813665858608,-63.46424881408120,-52.00000000000000,0.00000000000000,0000
13,-52.00000000000000,0.00000000000000,-50.08588319761488,60.97578002430457,-53.91411680238512,-60.97578002430457,-52.00000000000000,0.00000000000000,1000
14,-52.00000000000000,0.00000000000000,-49.51020384990159,58.58488549142702,-54.48979615009841,-58.58488549142702,-52.00000000000000,0.00000000000000,0000
15,-52.00000000000000,0.00000000000000,-48.96357211322905,56.28773927411124,-55.03642788677095,-56.28773927411124,-52.00000000000000,0.00000000000000,0000
16,-52.00000000000000,0.00000000000000,-48.44478458813614,54.08066544832553,-55.55521541186386,-54.08066544832553,-52.00000000000000,0.00000000000000,0000
17,-52.00000000000000,0.00000000000000,-47.95268570218239,51.96013222508111,-56.04731429781761,-51.96013222508111,-52.00000000000000,0.00000000000000,0000
18,-52.00000000000000,0.00000000000000,-47.48616582824500,49.92274629881624,-56.51383417175500,-49.92274629881624,-52.00000000000000,0.00000000000000,0000
19,-52.00000000000000,0.00000000000000,-47.04415947666213,47.96524741738337,-56.95584052333787,-47.96524741738337,-52.00000000000000,0.00000000000000,0000
20,-52.00000000000000,0.00000000000000,-46.62564355832598,46.08450316495018,-57.37435644167402,-46.08450316495018,-52.00000000000000,0.00000000000000,0000
21,-52.00000000000000,0.00000000000000,-46.22963571594320,44.27750394946595,-60.72100685557307,-42.35592507116130,-52.00000000000000,0.00000000000000,0000
22,-52.00000000000000,0.00000000000000,-45.85519272078918,42.54135818667217,-61.04734841451767,-40.69512549389889,-52.00000000000000,0.00000000000000,0000
23,-52.00000000000000,0.00000000000000,-52.00000000000000,0.00000000000000,-62.02479497988158,-105.15372074123876,-52.00000000000000,0.00000000000000,0100
24,-52.00000000000000,0.00000000000000,-52.00000000000000,0.00000000000000,-62.95065972393962,-101.03058437575480,-52.00000000000000,0.00000000000000,0000
25,-52.00000000000000,0.00000000000000,-52.00000000000000,0.00000000000000,-63.82709709419161,-97.06911849961291,-52.00000000000000,0.00000000000000,0000
26,-52.00000000000000,0.00000000000000,-52.00000000000000,0.00000000000000,-64.65617574866187,-93.26298392225348,-52.00000000000000,0.00000000000000,0000
27,-52.00000000000000,0.00000000000000,-52.00000000000000,0.00000000000000,-65.43988193281105,-89.60609001633405,-52.00000000000000,0.00000000000000,0000
28,-52.00000000000000,0.00000000000000,-52.00000000000000,0.00000000000000,-66.18012272390747,-86.09258497142618,-52.00000000000000,0.00000000000000,0000
29,-52.00000000000000,0.00000000000000,-52.00000000000000,0.00000000000000,-66.87872914805617,-82.71684642987029,-52.00000000000000,0.00000000000000,0000
30,-52.00000000000000,0.00000000000000,-52.00000000000000,0.00000000000000,-67.53745917488013,-79.47347248980392,-52.00000000000000,0.00000000000000,0000
31,-52.00000000000000,0.00000000000000,-52.00000000000000,0.00000000000000,-68.15800059465226,-76.35727306096629,-52.00000000000000,0.00000000000000,0000
32,-52.00000000000000,0.00000000000000,-52.00000000000000,0.00000000000000,-68.74197378248874,-73.36326155944660,-52.00000000000000,0.00000000000000,0000
33,-52.00000000000000,0.00000000000000,-52.00000000000000,0.00000000000000,-69.29093435403290,-70.48664692808589,-51.32944929048897,66.05427394172222,0000
34,-52.00000000000000,0.00000000000000,-52.00000000000000,0.00000000000000,-69.80637571688615,-67.72282596976346,-50.69186334141392,63.46424881408120,0000
35,-52.00000000000000,0.00000000000000,-52.00000000000000,0.00000000000000,-70.28973152187460,-65.06737598129942,-50.08588319761488,60.97578002430457,0000
36,-52.00000000000000,0.00000000000000,-52.00000000000000,0.00000000000000,-70.74237801808023,-62.51604767618601,-49.51020384990159,58.58488549142702,0000
37,-52.00000000000000,0.00000000000000,-52.00000000000000,0.00000000000000,-71.16563631541118,-60.06475838482265,-48.96357211322905,56.28773927411124,0000
38,-52.00000000000000,0.00000000000000,-52.00000000000000,0.00000000000000,-71.56077455833788,-57.70958552137355,-48.44478458813614,54.08066544832553,0000
39,-52.00000000000000,0.00000000000000,-52.00000000000000,0.00000000000000,-71.92901001427930,-55.44676030679353,-47.95268570218239,51.96013222508111,0000
40,-52.00000000000000,0.00000000000000,-52.00000000000000,0.00000000000000,-72.27151107998721,-53.27266173797745,-47.48616582824500,49.92274629881624,0000
41,-52.00000000000000,0.00000000000000,-52.00000000000000,0.00000000000000,-72.58939920914490,-51.18381079338278,-47.04415947666213,47.96524741738337,0000
42,-52.00000000000000,0.00000000000000,-52.00000000000000,0.00000000000000,-72.88375076427070,-49.17686486585287,-46.62564355832598,46.08450316495018,0000
43,-52.00000000000000,0.00000000000000,-52.00000000000000,0.00000000000000,-73.15559879589547,-47.24861241373237,-46.22963571594320,44.27750394946595,0000
44,-52.00000000000000,0.00000000000000,-52.00000000000000,0.00000000000000,-73.40593475186681,-45.39596782171542,-45.85519272078918,42.54135818667217,0000
45,-52.00000000000000,0.00000000000000,-52.00000000000000,0.00000000000000,-73.63571011952097,-43.61596646320287,-45.50140893238741,40.87328767295084,0000
46,-52.00000000000000,0.00000000000000,-52.00000000000000,0.00000000000000,-73.84583800335562,-41.90575995626722,-45.16741481864602,39.27062313960601,0000
47,-52.00000000000000,0.00000000000000,-52.00000000000000,0.00000000000000,-74.03719464073383,-40.26261160563386,-52.00000000000000,0.00000000000000,0001
48,-52.00000000000000,0.00000000000000,-52.00000000000000,0.00000000000000,-74.21062085805005,-38.68389202338478,-52.00000000000000,0.00000000000000,0000
49,-52.00000000000000,0.00000000000000,-52.00000000000000,0.00000000000000,-74.36692346969357,-37.16707492137689,-52.00000000000000,0.00000000000000,0000
50,-52.00000000000000,0.00000000000000,-52.00000000000000,0.00000000000000,-74.50687662205382,-35.70973306864207,-52.00000000000000,0.00000000000000,0000
51,-52.00000000000000,0.00000000000000,-52.00000000000000,0.00000000000000,-74.63122308472290,-34.30953440729979,-52.00000000000000,0.00000000000000,0000
52,-52.00000000000000,0.00000000000000,-52.00000000000000,0.00000000000000,-74.74067549096746,-32.96423832076690,-52.00000000000000,0.00000000000000,0000
53,-52.00000000000000,0.00000000000000,-52.00000000000000,0.00000000000000,-74.83591752945946,-31.67169204829315,-52.00000000000000,0.00000000000000,0000
54,-52.00000000000000,0.00000000000000,-52.00000000000000,0.00000000000000,-74.91760508917866,-30.42982724008467,-52.00000000000000,0.00000000000000,0000
55,-52.00000000000000,0.00000000000000,-52.00000000000000,0.00000000000000,-74.98636735932332,-29.23665664750303,-52.00000000000000,0.00000000000000,0000
56,-52.00000000000000,0.00000000000000,-52.00000000000000,0.00000000000000,-75.04280788599483,-28.09027094304348,-52.00000000000000,0.00000000000000,0000
57,-52.00000000000000,0.00000000000000,-52.00000000000000,0.00000000000000,-75.08750558735179,-26.98883566500355,-52.00000000000000,0.00000000000000,0000
58,-52.00000000000000,0.00000000000000,-52.00000000000000,0.00000000000000,-75.12101572886310,-25.93058828195297,-52.00000000000000,0.00000000000000,0000
59,-52.00000000000000,0.00000000000000,-52.00000000000000,0.00000000000000,-75.14387086022556,-24.91383537230740,-52.00000000000000,0.00000000000000,0000
60,-52.00000000000000,0.00000000000000,-52.00000000000000,0.00000000000000,-75.15658171545005,-23.93694991449254,-52.00000000000000,0.00000000000000,0000
61,-52.00000000000000,0.00000000000000,-52.00000000000000,0.00000000000000,-75.15963807756134,-22.99836868336254,-52.00000000000000,0.00000000000000,0000
62,-52.00000000000000,0.00000000000000,-52.00000000000000,0.00000000000000,-75.15350960930014,-22.09658974870625,-52.00000000000000,0.00000000000000,0000
63,-52.00000000000000,0.00000000000000,-52.00000000000000,0.00000000000000,-75.13864665116128,-21.23017007183845,-52.00000000000000,0.00000000000000,0000
64,-52.00000000000000,0.00000000000000,-52.00000000000000,0.00000000000000,-75.11548098804968,-20.39772319643010,-52.00000000000000,0.00000000000000,0000
65,-52.00000000000000,0.00000000000000,-52.00000000000000,0.00000000000000,-75.08442658578556,-19.59791702988241,-52.00000000000000,0.00000000000000,0000
66,-52.00000000000000,0.00000000000000,-52.00000000000000,0.00000000000000,-75.04588029864206,-18.82947171169448,-52.00000000000000,0.00000000000000,0000
67,-52.00000000000000,0.00000000000000,-52.00000000000000,0.00000000000000,-75.00022254905191,-18.09115756541348,-52.00000000000000,0.00000000000000,0000
68,-52.00000000000000,0.00000000000000,-52.00000000000000,0.00000000000000,-74.94781798057528,-17.38179313088992,-52.00000000000000,0.00000000000000,0000
69,-52.00000000000000,0.00000000000000,-52.00000000000000,0.00000000000000,-74.88901608517824,-16.70024327368943,-52.00000000000000,0.00000000000000,0000
70,-52.00000000000000,0.00000000000000,-52.00000000000000,0.00000000000000,-74.82415180582991,-16.04541736863543,-52.00000000000000,0.00000000000000,0000
71,-52.00000000000000,0.00000000000000,-52.00000000000000,0.00000000000000,-74.75354611538680,-15.41626755457618,-52.00000000000000,0.00000000000000,0000
72,-52.00000000000000,0.00000000000000,-52.00000000000000,0.00000000000000,-74.67750657269519,-14.81178705758341,-52.00000000000000,0.00000000000000,0000
73,-52.00000000000000,0.00000000000000,-52.00000000000000,0.00000000000000,-74.59632785680566,-14.23100857989920,-52.00000000000000,0.00000000000000,0000
74,-52.00000000000000,0.00000000000000,-52.00000000000000,0.00000000000000,-74.51029228015845,-13.67300275205325,-52.00000000000000,0.00000000000000,0000
75,-52.00000000000000,0.00000000000000,-52.00000000000000,0.00000000000000,-74.41967028156567,-13.13687664567342,-52.00000000000000,0.00000000000000,0000
76,-52.00000000000000,0.00000000000000,-52.00000000000000,0.00000000000000,-74.32472089978275,-12.62177234460981,-52.00000000000000,0.00000000000000,0000
77,-52.00000000000000,0.00000000000000,-52.00000000000000,0.00000000000000,-74.22569222843143,-12.12686557208597,-52.00000000000000,0.00000000000000,0000
78,-52.00000000000000,0.00000000000000,-52.00000000000000,0.00000000000000,-74.12282185300609,-11.65136437168009,-52.00000000000000,0.00000000000000,0000
79,-52.00000000000000,0.00000000000000,-52.00000000000000,0.00000000000000,-74.01633727066680,-11.19450784002588,-52.00000000000000,0.00000000000000,0000
80,-52.00000000000000,0.00000000000000,-52.00000000000000,0.00000000000000,-73.90645629349481,-10.75556490920475,-52.00000000000000,0.00000000000000,0000
81,-52.00000000000000,0.00000000000000,-52.00000000000000,0.00000000000000,-73.79338743585973,-10.33383317688124,-52.00000000000000,0.00000000000000,1000
82,-52.00000000000000,0.00000000000000,-52.00000000000000,0.00000000000000,-73.67733028652198,-9.92863778230939,-52.00000000000000,0.00000000000000,0000
83,-52.00000000000000,0.00000000000000,-52.00000000000000,0.00000000000000,-73.55847586607007,-9.53933032641161,-52.00000000000000,0.00000000000000,0000
84,-52.00000000000000,0.00000000000000,-52.00000000000000,0.00000000000000,-73.43700697026827,-9.16528783420176,-52.00000000000000,0.00000000000000,0000
85,-52.00000000000000,0.00000000000000,-52.00000000000000,0.00000000000000,-73.31309849986799,-8.80591175789232,-52.00000000000000,0.00000000000000,0000
86,-52.00000000000000,0.00000000000000,-52.00000000000000,0.00000000000000,-73.18691777741427,-8.46062701909021,-52.00000000000000,0.00000000000000,0000
87,-52.00000000000000,0.00000000000000,-52.00000000000000,0.00000000000000,-73.05862485155805,-8.12888108854867,-52.00000000000000,0.00000000000000,0000
88,-52.00000000000000,0.00000000000000,-52.00000000000000,0.00000000000000,-72.92837278936507,-7.81014310200261,-52.00000000000000,0.00000000000000,0000
89,-52.00000000000000,0.00000000000000,-52.00000000000000,0.00000000000000,-72.79630795709231,-7.50390301067247,-52.00000000000000,0.00000000000000,0000
90,-52.00000000000000,0.00000000000000,-52.00000000000000,0.00000000000000,-72.66257028988532,-7.20967076507743,-52.00000000000000,0.00000000000000,0000
91,-52.00000000000000,0.00000000000000,-51.32944929048897,66.05427394172222,-73.19784426034232,-72.98124947257386,-52.00000000000000,0.00000000000000,0000
92,-52.00000000000000,0.00000000000000,-50.69186334141392,63.46424881408120,-73.69874223837211,-70.11961374939003,-52.00000000000000,0.00000000000000,0000
93,-52.00000000000000,0.00000000000000,-50.08588319761488,60.97578002430457,-74.16674533476152,-67.37018436785397,-52.00000000000000,0.00000000000000,0000
94,-52.00000000000000,0.00000000000000,-49.51020384990159,58.58488549142702,-74.60327525966267,-64.72856165437902,-52.00000000000000,0.00000000000000,0000
95,-52.00000000000000,0.00000000000000,-48.96357211322905,56.28773927411124,-75.00969666491348,-62.19051844904739,-52.00000000000000,0.00000000000000,0000
96,-52.00000000000000,0.00000000000000,-48.44478458813614,54.08066544832553,-75.38731939438354,-59.75199334125245,-52.00000000000000,0.00000000000000,0000
97,-52.00000000000000,0.00000000000000,-47.95268570218239,51.96013222508111,-75.73740064595249,-57.40908417057529,-52.00000000000000,0.00000000000000,0000
98,-52.00000000000000,0.00000000000000,-47.48616582824500,49.92274629881624,-76.06114704858750,-55.15804178249554,-52.00000000000000,0.00000000000000,0000
99,-52.00000000000000,0.00000000000000,-47.04415947666213,47.96524741738337,-76.35971665785003,-52.99526402894431,-52.00000000000000,0.00000000000000,0000
100,-52.00000000000000,0.00000000000000,-46.62564355832598,46.08450316495018,-76.63422087303157,-50.91729000409869,-52.00000000000000,0.00000000000000,0000
101,-52.00000000000000,0.00000000000000,-46.22963571594320,44.27750394946595,-76.88572627899249,-48.92079450619417,-52.00000000000000,0.00000000000000,0000
102,-52.00000000000000,0.00000000000000,-45.85519272078918,42.54135818667217,-77.11525641565795,-47.00258271649235,-52.00000000000000,0.00000000000000,0000
103,-52.00000000000000,0.00000000000000,-45.50140893238741,40.87328767295084,-77.32379347800835,-45.15958508688936,-52.00000000000000,0.00000000000000,0000
104,-52.00000000000000,0.00000000000000,-45.16741481864602,39.27062313960601,-77.51227994929117,-43.38885242798405,-52.00000000000000,0.00000000000000,0000
105,-52.00000000000000,0.00000000000000,-52.00000000000000,0.00000000000000,-77.68162017007366,-41.68755118974571,-52.00000000000000,0.00000000000000,0100
106,-52.00000000000000,0.00000000000000,-52.00000000000000,0.00000000000000,-77.83268184565341,-40.05295892722955,-52.00000000000000,0.00000000000000,0000
107,-52.00000000000000,0.00000000000000,-52.00000000000000,0.00000000000000,-77.96629749424497,-38.48245994408391,-52.00000000000000,0.00000000000000,0000
108,-52.00000000000000,0.00000000000000,-52.00000000000000,0.00000000000000,-78.08326583826573,-36.97354110687812,-52.00000000000000,0.00000000000000,0000
109,-52.00000000000000,0.00000000000000,-52.00000000000000,0.00000000000000,-78.18435314095365,-35.52378782355280,-52.00000000000000,0.00000000000000,0000
110,-52.00000000000000,0.00000000000000,-52.00000000000000,0.00000000000000,-78.27029449046125,-34.13088017955742,-52.00000000000000,0.00000000000000,0000
111,-52.00000000000000,0.00000000000000,-52.00000000000000,0.00000000000000,-78.34179503348668,-32.79258922549212,-52.00000000000000,0.00000000000000,0000
112,-52.00000000000000,0.00000000000000,-52.00000000000000,0.00000000000000,-78.39953116042153,-31.50677341031309,-52.00000000000000,0.00000000000000,0000
113,-52.00000000000000,0.00000000000000,-52.00000000000000,0.00000000000000,-78.44415164391771,-30.27137515439404,-52.00000000000000,0.00000000000000,0000
114,-52.00000000000000,0.00000000000000,-52.00000000000000,0.00000000000000,-78.47627873270073,-29.08441755695982,-52.00000000000000,0.00000000000000,0000
115,-52.00000000000000,0.00000000000000,-52.00000000000000,0.00000000000000,-78.49650920238568,-27.94400123262341,-51.32944929048897,66.05427394172222,0000
116,-52.00000000000000,0.00000000000000,-52.00000000000000,0.00000000000000,-78.50541536498235,-26.84830127196408,-50.69186334141392,63.46424881408120,0000
117,-52.00000000000000,0.00000000000000,-52.00000000000000,0.00000000000000,-78.50354603871097,-25.79556432128297,-50.08588319761488,60.97578002430457,0000
118,-52.00000000000000,0.00000000000000,-52.00000000000000,0.00000000000000,-78.49142747968557,-24.78410577686314,-49.51020384990159,58.58488549142702,0000
119,-52.00000000000000,0.00000000000000,-52.00000000000000,0.00000000000000,-78.46956427696115,-23.81230708924419,-48.96357211322905,56.28773927411124,0000
120,-52.00000000000000,0.00000000000000,-52.00000000000000,0.00000000000000,-78.43844021238249,-22.87861317319782,-48.44478458813614,54.08066544832553,0000
121,-52.00000000000000,0.00000000000000,-52.00000000000000,0.00000000000000,-78.39851908661538,-21.98152991925968,-47.95268570218239,51.96013222508111,0000
122,-52.00000000000000,0.00000000000000,-52.00000000000000,0.00000000000000,-78.35024551268776,-21.11962180283552,-47.48616582824500,49.92274629881624,0000
123,-52.00000000000000,0.00000000000000,-52.00000000000000,0.00000000000000,-78.29404567831531,-20.29150958705552,-47.04415947666213,47.96524741738337,0000
124,-52.00000000000000,0.00000000000000,-52.00000000000000,0.00000000000000,-78.23032807823675,-19.49586811570106,-46.62564355832598,46.08450316495018,0000
125,-52.00000000000000,0.00000000000000,-52.00000000000000,0.00000000000000,-78.15948421773558,-18.73142419267208,-46.22963571594320,44.27750394946595,0000
126,-52.00000000000000,0.00000000000000,-52.00000000000000,0.00000000000000,-78.08188928847926,-17.99695454460167,-45.85519272078918,42.54135818667217,0000
127,-52.00000000000000,0.00000000000000,-52.00000000000000,0.00000000000000,-77.99790281776194,-17.29128386335769,-45.50140893238741,40.87328767295084,0000
128,-52.00000000000000,0.00000000000000,-52.00000000000000,0.00000000000000,-77.90786929219487,-16.61328292529905,-45.16741481864602,39.27062313960601,0000
129,-52.00000000000000,0.00000000000000,-52.00000000000000,0.00000000000000,-77.81211875684714,-15.96186678427694,-52.00000000000000,0.00000000000000,0001
130,-52.00000000000000,0.00000000000000,-52.00000000000000,0.00000000000000,-77.71096739080036,-15.33599303548954,-52.00000000000000,0.00000000000000,0000
131,-52.00000000000000,0.00000000000000,-52.00000000000000,0.00000000000000,-77.60471806004315,-14.73466014741193,-52.00000000000000,0.00000000000000,0000
132,-52.00000000000000,0.00000000000000,-52.00000000000000,0.00000000000000,-77.49366084859460,-14.15690585913200,-52.00000000000000,0.00000000000000,0000
133,-52.00000000000000,0.00000000000000,-52.00000000000000,0.00000000000000,-77.37807356871163,-13.60180564052767,-52.00000000000000,0.00000000000000,0000
134,-52.00000000000000,0.00000000000000,-52.00000000000000,0.00000000000000,-77.25822225100092,-13.06847121282149,-52.00000000000000,0.00000000000000,0000
135,-52.00000000000000,0.00000000000000,-52.00000000000000,0.00000000000000,-77.13436161522455,-12.55604912714504,-52.00000000000000,0.00000000000000,0000
136,-52.00000000000000,0.00000000000000,-52.00000000000000,0.00000000000000,-77.00673552255708,-12.06371939883870,-52.00000000000000,0.00000000000000,0000
137,-52.00000000000000,0.00000000000000,-52.00000000000000,0.00000000000000,-76.87557741002226,-11.59069419530123,-52.00000000000000,0.00000000000000,0000
138,-52.00000000000000,0.00000000000000,-52.00000000000000,0.00000000000000,-76.74111070780906,-11.13621657528956,-52.00000000000000,0.00000000000000,0000
139,-52.00000000000000,0.00000000000000,-52.00000000000000,0.00000000000000,-76.60354924013909,-10.69955927765126,-52.00000000000000,0.00000000000000,0000
140,-52.00000000000000,0.00000000000000,-52.00000000000000,0.00000000000000,-76.46309761033132,-10.28002355755159,-52.00000000000000,0.00000000000000,0000
141,-52.00000000000000,0.00000000000000,-52.00000000000000,0.00000000000000,-76.31995157068447,-9.87693806833266,-52.00000000000000,0.00000000000000,0000
142,-52.00000000000000,0.00000000000000,-52.00000000000000,0.00000000000000,-76.17429837777331,-9.48965778721557,-52.00000000000000,0.00000000000000,0000
143,-52.00000000000000,0.00000000000000,-52.00000000000000,0.00000000000000,-76.02631713373157,-9.11756298312633,-52.00000000000000,0.00000000000000,0000
144,-52.00000000000000,0.00000000000000,-52.00000000000000,0.00000000000000,-75.87617911407168,-8.76005822499393,-52.00000000000000,0.00000000000000,0000
145,-52.00000000000000,0.00000000000000,-52.00000000000000,0.00000000000000,-75.72404808257025,-8.41657142893361,-52.00000000000000,0.00000000000000,0000
146,-52.00000000000000,0.00000000000000,-52.00000000000000,0.00000000000000,-75.57008059372698,-8.08655294279059,-52.00000000000000,0.00000000000000,0000
147,-52.00000000000000,0.00000000000000,-52.00000000000000,0.00000000000000,-75.41442628328534,-7.76947466657934,-52.00000000000000,0.00000000000000,0000
148,-52.00000000000000,0.00000000000000,-52.00000000000000,0.00000000000000,-75.25722814728357,-7.46482920741095,-52.00000000000000,0.00000000000000,0000
149,-52.00000000000000,0.00000000000000,-52.00000000000000,0.00000000000000,-75.09862281008688,-7.17212906755624,-52.00000000000000,0.00000000000000,0000
150,-52.00000000000000,0.00000000000000,-52.00000000000000,0.00000000000000,-74.93874078183332,-6.89090586434544,-52.00000000000000,0.00000000000000,0000
151,-52.00000000000000,0.00000000000000,-52.00000000000000,0.00000000000000,-74.77770670570949,-6.62070958065591,-52.00000000000000,0.00000000000000,0000
152,-52.00000000000000,0.00000000000000,-52.00000000000000,0.00000000000000,-74.61563959545536,-6.36110784478880,-52.00000000000000,0.00000000000000,0000
153,-52.00000000000000,0.00000000000000,-52.00000000000000,0.00000000000000,-74.45265306348222,-6.11168523858208,-52.00000000000000,0.00000000000000,0000
154,-52.00000000000000,0.00000000000000,-52.00000000000000,0.00000000000000,-74.28885553997253,-5.87204263265281,-52.00000000000000,0.00000000000000,0000
155,-52.00000000000000,0.00000000000000,-52.00000000000000,0.00000000000000,-74.12435048331599,-5.64179654770502,-52.00000000000000,0.00000000000000,0000
156,-52.00000000000000,0.00000000000000,-52.00000000000000,0.00000000000000,-73.95923658222232,-5.42057854088102,-52.00000000000000,0.00000000000000,0000
157,-52.00000000000000,0.00000000000000,-52.00000000000000,0.00000000000000,-73.79360794983765,-5.20803461617419,-52.00000000000000,0.00000000000000,0000
158,-52.00000000000000,0.00000000000000,-52.00000000000000,0.00000000000000,-73.62755431017908,-5.00382465795989,-52.00000000000000,0.00000000000000,0000
159,-52.00000000000000,0.00000000000000,-52.00000000000000,0.00000000000000,-73.46116117718901,-4.80762188673785,-52.00000000000000,0.00000000000000,0000
160,-52.00000000000000,0.00000000000000,-52.00000000000000,0.00000000000000,-73.29451002669954,-4.61911233621529,-52.00000000000000,0.00000000000000,0000
161,-52.00000000000000,0.00000000000000,-52.00000000000000,0.00000000000000,-73.12767846158548,-4.43799435089386,-52.00000000000000,0.00000000000000,1000
162,-52.00000000000000,0.00000000000000,-52.00000000000000,0.00000000000000,-72.96074037037383,-4.26397810335649,-52.00000000000000,0.00000000000000,0000
163,-52.00000000000000,0.00000000000000,-52.00000000000000,0.00000000000000,-72.79376607956692,-4.09678513048167,-52.00000000000000,0.00000000000000,0000
164,-52.00000000000000,0.00000000000000,-52.00000000000000,0.00000000000000,-72.62682249992645,-3.93614788784306,-52.00000000000000,0.00000000000000,0000
165,-52.00000000000000,0.00000000000000,-52.00000000000000,0.00000000000000,-72.45997326695573,-3.78180932158134,-52.00000000000000,0.00000000000000,0000
166,-52.00000000000000,0.00000000000000,-52.00000000000000,0.00000000000000,-72.29327887580844,-3.63352245706316,-52.00000000000000,0.00000000000000,0000
167,-52.00000000000000,0.00000000000000,-52.00000000000000,0.00000000000000,-72.12679681084303,-3.49105000366909,-52.00000000000000,0.00000000000000,0000
168,-52.00000000000000,0.00000000000000,-52.00000000000000,0.00000000000000,-71.96058167003332,-3.35416397507794,-52.00000000000000,0.00000000000000,0000
169,-52.00000000000000,0.00000000000000,-52.00000000000000,0.00000000000000,-71.79468528443762,-3.22264532444006,-52.00000000000000,0.00000000000000,0000
170,-52.00000000000000,0.00000000000000,-52.00000000000000,0.00000000000000,-71.62915683292084,-3.09628359385562,-52.00000000000000,0.00000000000000,0000
171,-52.00000000000000,0.00000000000000,-51.32944929048897,66.05427394172222,-72.13459366182731,-69.02915051931930,-52.00000000000000,0.00000000000000,0000
172,-52.00000000000000,0.00000000000000,-50.69186334141392,63.46424881408120,-72.60752450179261,-66.32247881261809,-52.00000000000000,0.00000000000000,0000
173,-52.00000000000000,0.00000000000000,-50.08588319761488,60.97578002430457,-73.04935017388104,-63.72193722156717,-52.00000000000000,0.00000000000000,0000
174,-52.00000000000000,0.00000000000000,-49.51020384990159,58.58488549142702,-73.46141531603843,-61.22336432480906,-52.00000000000000,0.00000000000000,0000
175,-52.00000000000000,0.00000000000000,-48.96357211322905,56.28773927411124,-73.84501059856247,-58.82276187265165,-52.00000000000000,0.00000000000000,0000
176,-52.00000000000000,0.00000000000000,-48.44478458813614,54.08066544832553,-74.20137485257894,-56.51628838901564,-52.00000000000000,0.00000000000000,0000
177,-52.00000000000000,0.00000000000000,-47.95268570218239,51.96013222508111,-74.53169711493595,-54.30025302425329,-52.00000000000000,0.00000000000000,0000
178,-52.00000000000000,0.00000000000000,-47.48616582824500,49.92274629881624,-74.83711859279501,-52.17110964900156,-52.00000000000000,0.00000000000000,0000
179,-52.00000000000000,0.00000000000000,-47.04415947666213,47.96524741738337,-75.11873455106843,-50.12545117961857,-52.00000000000000,0.00000000000000,0000
180,-52.00000000000000,0.00000000000000,-46.62564355832598,46.08450316495018,-75.37759612572995,-48.16000412612288,-52.00000000000000,0.00000000000000,0000
181,-52.00000000000000,0.00000000000000,-46.22963571594320,44.27750394946595,-75.61471206590613,-46.27162335391117,-52.00000000000000,0.00000000000000,0000
182,-52.00000000000000,0.00000000000000,-45.85519272078918,42.54135818667217,-75.83105040754219,-44.45728705087185,-52.00000000000000,0.00000000000000,0000
183,-52.00000000000000,0.00000000000000,-45.50140893238741,40.87328767295084,-76.02754008132642,-42.71409189184100,-52.00000000000000,0.00000000000000,0000
184,-52.00000000000000,0.00000000000000,-45.16741481864602,39.27062313960601,-76.20507245745242,-41.03924839266271,-52.00000000000000,0.00000000000000,0000
185,-52.00000000000000,0.00000000000000,-52.00000000000000,0.00000000000000,-76.36450282969642,-39.43007644641929,-52.00000000000000,0.00000000000000,0100
186,-52.00000000000000,0.00000000000000,-52.00000000000000,0.00000000000000,-76.50665184119075,-37.88400103468841,-52.00000000000000,0.00000000000000,0000
187,-52.00000000000000,0.00000000000000,-52.00000000000000,0.00000000000000,-76.63230685418038,-36.39854810696431,-52.00000000000000,0.00000000000000,0000
188,-52.00000000000000,0.00000000000000,-52.00000000000000,0.00000000000000,-76.74222326596046,-34.97134062164909,-52.00000000000000,0.00000000000000,0000
189,-52.00000000000000,0.00000000000000,-52.00000000000000,0.00000000000000,-76.83712577310567,-33.60009474227909,-52.00000000000000,0.00000000000000,0000
190,-52.00000000000000,0.00000000000000,-52.00000000000000,0.00000000000000,-76.91770958602059,-32.28261618289925,-52.00000000000000,0.00000000000000,0000
191,-52.00000000000000,0.00000000000000,-52.00000000000000,0.00000000000000,-76.98464159575978,-31.01679669673748,-52.00000000000000,0.00000000000000,0000
192,-52.00000000000000,0.00000000000000,-52.00000000000000,0.00000000000000,-77.03856149499008,-29.80061070256003,-52.00000000000000,0.00000000000000,0000
193,-52.00000000000000,0.00000000000000,-52.00000000000000,0.00000000000000,-77.08008285489453,-28.63211204330937,-52.00000000000000,0.00000000000000,0000
194,-52.00000000000000,0.00000000000000,-52.00000000000000,0.00000000000000,-77.10979415974646,-27.50943087183769,-52.00000000000000,0.00000000000000,0000
195,-52.00000000000000,0.00000000000000,-52.00000000000000,0.00000000000000,-77.12825980081435,-26.43077065875254,-51.32944929048897,66.05427394172222,0000
196,-52.00000000000000,0.00000000000000,-52.00000000000000,0.00000000000000,-77.13602103119342,-25.39440531758653,-50.69186334141392,63.46424881408120,0000
197,-52.00000000000000,0.00000000000000,-52.00000000000000,0.00000000000000,-77.13359688309691,-24.39867644269074,-50.08588319761488,60.97578002430457,0000
198,-52.00000000000000,0.00000000000000,-52.00000000000000,0.00000000000000,-77.12148504907999,-23.44199065543183,-49.51020384990159,58.58488549142702,0000
199,-52.00000000000000,0.00000000000000,-52.00000000000000,0.00000000000000,-77.10016272861169,-22.52281705444635,-48.96357211322905,56.28773927411124,0000
200,-52.00000000000000,0.00000000000000,-52.00000000000000,0.00000000000000,-77.07008744135429,-21.63968476587189,-48.44478458813614,54.08066544832553,0000
201,-52.00000000000000,0.00000000000000,-52.00000000000000,0.00000000000000,-77.03169780845684,-20.79118058963513,-47.95268570218239,51.96013222508111,0000
202,-52.00000000000000,0.00000000000000,-52.00000000000000,0.00000000000000,-76.98541430311776,-19.97594673803020,-47.48616582824500,49.92274629881624,0000
203,-52.00000000000000,0.00000000000000,-52.00000000000000,0.00000000000000,-76.93163997162260,-19.19267866296871,-47.04415947666213,47.96524741738337,0000
204,-52.00000000000000,0.00000000000000,-52.00000000000000,0.00000000000000,-76.87076112601538,-18.44012296842447,-46.62564355832598,46.08450316495018,0000
205,-52.00000000000000,0.00000000000000,-52.00000000000000,0.00000000000000,-76.80314800951695,-17.71707540473242,-46.22963571594320,44.27750394946595,0000
206,-52.00000000000000,0.00000000000000,-52.00000000000000,0.00000000000000,-76.72915543575978,-17.02237894153228,-45.85519272078918,42.54135818667217,0000
207,-52.00000000000000,0.00000000000000,-52.00000000000000,0.00000000000000,-76.64912340286672,-16.35492191627312,-45.50140893238741,40.87328767295084,0000
208,-52.00000000000000,0.00000000000000,-52.00000000000000,0.00000000000000,-76.56337768336117,-15.71363625531609,-45.16741481864602,39.27062313960601,0000
209,-52.00000000000000,0.00000000000000,-52.00000000000000,0.00000000000000,-76.47223039085704,-15.09749576478876,-52.00000000000000,0.00000000000000,0001
210,-52.00000000000000,0.00000000000000,-52.00000000000000,0.00000000000000,-76.37598052443998,-14.50551448845596,-52.00000000000000,0.00000000000000,0000
211,-52.00000000000000,0.00000000000000,-52.00000000000000,0.00000000000000,-76.27491449161559,-13.93674512997950,-52.00000000000000,0.00000000000000,0000
212,-52.00000000000000,0.00000000000000,-52.00000000000000,0.00000000000000,-76.16930661066557,-13.39027753704188,-52.00000000000000,0.00000000000000,0000
213,-52.00000000000000,0.00000000000000,-52.00000000000000,0.00000000000000,-76.05941959322048,-12.86523724490842,-52.00000000000000,0.00000000000000,0000
214,-52.00000000000000,0.00000000000000,-52.00000000000000,0.00000000000000,-75.94550500782543,-12.36078407709714,-52.00000000000000,0.00000000000000,0000
215,-52.00000000000000,0.00000000000000,-52.00000000000000,0.00000000000000,-75.82780372524486,-11.87611080091713,-52.00000000000000,0.00000000000000,0000
216,-52.00000000000000,0.00000000000000,-52.00000000000000,0.00000000000000,-75.70654634622338,-11.41044183572401,-52.00000000000000,0.00000000000000,0000
217,-52.00000000000000,0.00000000000000,-52.00000000000000,0.00000000000000,-75.58195361239129,-10.96303201182548,-52.00000000000000,0.00000000000000,0000
218,-52.00000000000000,0.00000000000000,-52.00000000000000,0.00000000000000,-75.45423680097653,-10.53316537805077,-52.00000000000000,0.00000000000000,0000
219,-52.00000000000000,0.00000000000000,-52.00000000000000,0.00000000000000,-75.32359810395897,-10.12015405607607,-52.00000000000000,0.00000000000000,0000
220,-52.00000000000000,0.00000000000000,-52.00000000000000,0.00000000000000,-75.19023099227753,-9.72333713967243,-52.00000000000000,0.00000000000000,0000
221,-52.00000000000000,0.00000000000000,-52.00000000000000,0.00000000000000,-75.05432056567750,-9.34207963711483,-52.00000000000000,0.00000000000000,0000
222,-52.00000000000000,0.00000000000000,-52.00000000000000,0.00000000000000,-74.91604388876141,-8.97577145505990,-52.00000000000000,0.00000000000000,0000
223,-52.00000000000000,0.00000000000000,-52.00000000000000,0.00000000000000,-74.77557031378559,-8.62382642226643,-52.00000000000000,0.00000000000000,0000
224,-52.00000000000000,0.00000000000000,-52.00000000000000,0.00000000000000,-74.63306179072265,-8.28568135159635,-52.00000000000000,0.00000000000000,0000
225,-52.00000000000000,0.00000000000000,-52.00000000000000,0.00000000000000,-74.48867316509009,-7.96079513879512,-52.00000000000000,0.00000000000000,0000
226,-52.00000000000000,0.00000000000000,-52.00000000000000,0.00000000000000,-74.34255246402542,-7.64864789660950,-52.00000000000000,0.00000000000000,0000
227,-52.00000000000000,0.00000000000000,-52.00000000000000,0.00000000000000,-74.19484117106947,-7.34874012285704,-52.00000000000000,0.00000000000000,0000
228,-52.00000000000000,0.00000000000000,-52.00000000000000,0.00000000000000,-74.04567449010135,-7.06059190111599,-52.00000000000000,0.00000000000000,0000
229,-52.00000000000000,0.00000000000000,-52.00000000000000,0.00000000000000,-73.89518159885110,-6.78374213275667,-52.00000000000000,0.00000000000000,0000
230,-52.00000000000000,0.00000000000000,-52.00000000000000,0.00000000000000,-73.74348589239960,-6.51774779908526,-52.00000000000000,0.00000000000000,0000
231,-52.00000000000000,0.00000000000000,-52.00000000000000,0.00000000000000,-73.59070521705893,-6.26218325241942,-52.00000000000000,0.00000000000000,0000
232,-52.00000000000000,0.00000000000000,-52.00000000000000,0.00000000000000,-73.43695209501101,-6.01663953496113,-52.00000000000000,0.00000000000000,0000
233,-52.00000000000000,0.00000000000000,-52.00000000000000,0.00000000000000,-73.28233394006784,-5.78072372437699,-52.00000000000000,0.00000000000000,0000
234,-52.00000000000000,0.00000000000000,-52.00000000000000,0.00000000000000,-73.12695326490199,-5.55405830503870,-52.00000000000000,0.00000000000000,0000
235,-52.00000000000000,0.00000000000000,-52.00000000000000,0.00000000000000,-72.97090788008242,-5.33628056391744,-52.00000000000000,0.00000000000000,0000
236,-52.00000000000000,0.00000000000000,-52.00000000000000,0.00000000000000,-72.81429108523795,-5.12704201016568,-52.00000000000000,0.00000000000000,0000
237,-52.00000000000000,0.00000000000000,-52.00000000000000,0.00000000000000,-72.65719185265731,-4.92600781745748,-52.00000000000000,0.00000000000000,0000
238,-52.00000000000000,0.00000000000000,-52.00000000000000,0.00000000000000,-72.49969500362336,-4.73285628819493,-52.00000000000000,0.00000000000000,0000
239,-52.00000000000000,0.00000000000000,-52.00000000000000,0.00000000000000,-72.34188137776687,-4.54727833872335,-52.00000000000000,0.00000000000000,0000
240,-52.00000000000000,0.00000000000000,-52.00000000000000,0.00000000000000,-72.18382799571430,-4.36897700473152,-52.00000000000000,0.00000000000000,0000
241,-52.00000000000000,0.00000000000000,-52.00000000000000,0.00000000000000,-72.02560821529308,-4.19766696604539,-52.00000000000000,0.00000000000000,0000
242,-52.00000000000000,0.00000000000000,-52.00000000000000,0.00000000000000,-71.86729188154776,-4.03307409005499,-52.00000000000000,0.00000000000000,0000
243,-52.00000000000000,0.00000000000000,-52.00000000000000,0.00000000000000,-71.70894547081033,-3.87493499304370,-52.00000000000000,0.00000000000000,0000
244,-52.00000000000000,0.00000000000000,-52.00000000000000,0.00000000000000,-71.55063222905838,-3.72299661871817,-52.00000000000000,0.00000000000000,0000
245,-52.00000000000000,0.00000000000000,-52.00000000000000,0.00000000000000,-71.39241230478585,-3.57701583326422,-52.00000000000000,0.00000000000000,0000
246,-52.00000000000000,0.00000000000000,-52.00000000000000,0.00000000000000,-71.23434287660204,-3.43675903628091,-52.00000000000000,0.00000000000000,0000
247,-52.00000000000000,0.00000000000000,-52.00000000000000,0.00000000000000,-71.07647827576631,-3.30200178697002,-52.00000000000000,0.00000000000000,0000
248,-52.00000000000000,0.00000000000000,-52.00000000000000,0.00000000000000,-70.91887010385746,-3.17252844498289,-52.00000000000000,0.00000000000000,0000
249,-52.00000000000000,0.00000000000000,-52.00000000000000,0.00000000000000,-70.76156734576949,-3.04813182534990,-52.00000000000000,0.00000000000000,0000
250,-52.00000000000000,0.00000000000000,-52.00000000000000,0.00000000000000,-70.60461647821721,-2.92861286694028,-52.00000000000000,0.00000000000000,0000
251,-52.00000000000000,0.00000000000000,-52.00000000000000,0.00000000000000,-70.44806157392867,-2.81378031392183,-52.00000000000000,0.00000000000000,0000
252,-52.00000000000000,0.00000000000000,-52.00000000000000,0.00000000000000,-70.29194440169390,-2.70345040971080,-52.00000000000000,0.00000000000000,0000
253,-52.00000000000000,0.00000000000000,-52.00000000000000,0.00000000000000,-70.13630452243312,-2.59744660292216,-52.00000000000000,0.00000000000000,0000
254,-52.00000000000000,0.00000000000000,-52.00000000000000,0.00000000000000,-69.98117938144111,-2.49559926484969,-52.00000000000000,0.00000000000000,0000
255,-52.00000000000000,0.00000000000000,-52.00000000000000,0.00000000000000,-69.82660439695810,-2.39774541802388,-52.00000000000000,0.00000000000000,0000
256,-52.00000000000000,0.00000000000000,-52.00000000000000,0.00000000000000,-69.67261304521193,-2.30372847541322,-52.00000000000000,0.00000000000000,0000
257,-52.00000000000000,0.00000000000000,-52.00000000000000,0.00000000000000,-69.51923694207032,-2.21339798985150,-52.00000000000000,0.00000000000000,0000
258,-52.00000000000000,0.00000000000000,-52.00000000000000,0.00000000000000,-69.36650592143664,-2.12660941329031,-52.00000000000000,0.00000000000000,0000
259,-52.00000000000000,0.00000000000000,-52.00000000000000,0.00000000000000,-69.21444811051771,-2.04322386549124,-52.00000000000000,0.00000000000000,0000
260,-52.00000000000000,0.00000000000000,-52.00000000000000,0.00000000000000,-69.06309000208640,-1.96310791178797,-52.00000000000000,0.00000000000000,0000
261,-52.00000000000000,0.00000000000000,-52.00000000000000,0.00000000000000,-68.91245652385776,-1.88613334956226,-52.00000000000000,0.00000000000000,0000
262,-52.00000000000000,0.00000000000000,-52.00000000000000,0.00000000000000,-68.76257110509223,-1.81217700309241,-52.00000000000000,0.00000000000000,0000
263,-52.00000000000000,0.00000000000000,-52.00000000000000,0.00000000000000,-68.61345574053510,-1.74112052644590,-52.00000000000000,0.00000000000000,0000
264,-52.00000000000000,0.00000000000000,-52.00000000000000,0.00000000000000,-68.46513105179744,-1.67285021410055,-52.00000000000000,0.00000000000000,0000
265,-52.00000000000000,0.00000000000000,-52.00000000000000,0.00000000000000,-68.31761634627898,-1.60725681899151,-52.00000000000000,0.00000000000000,0000
266,-52.00000000000000,0.00000000000000,-52.00000000000000,0.00000000000000,-68.17092967373027,-1.54423537769260,-52.00000000000000,0.00000000000000,0000
267,-52.00000000000000,0.00000000000000,-52.00000000000000,0.00000000000000,-68.02508788054671,-1.48368504245245,-52.00000000000000,0.00000000000000,0000
268,-52.00000000000000,0.00000000000000,-52.00000000000000,0.00000000000000,-67.88010666188427,-1.42550891981658,-52.00000000000000,0.00000000000000,0000
269,-52.00000000000000,0.00000000000000,-52.00000000000000,0.00000000000000,-67.73600061168264,-1.36961391557721,-52.00000000000000,0.00000000000000,0000
270,-52.00000000000000,0.00000000000000,-52.00000000000000,0.00000000000000,-67.59278327067824,-1.31591058580264,-52.00000000000000,0.00000000000000,0000
271,-52.00000000000000,0.00000000000000,-52.00000000000000,0.00000000000000,-67.45046717248673,-1.26431299370793,-52.00000000000000,0.00000000000000,0000
272,-52.00000000000000,0.00000000000000,-52.00000000000000,0.00000000000000,-67.30906388783073,-1.21473857213763,-52.00000000000000,0.00000000000000,0000
273,-52.00000000000000,0.00000000000000,-52.00000000000000,0.00000000000000,-67.16858406698645,-1.16710799144081,-52.00000000000000,0.00000000000000,0000
274,-52.00000000000000,0.00000000000000,-52.00000000000000,0.00000000000000,-67.02903748051912,-1.12134503252661,-52.00000000000000,0.00000000000000,0000
275,-52.00000000000000,0.00000000000000,-52.00000000000000,0.00000000000000,-66.89043305837495,-1.07737646489749,-52.00000000000000,0.00000000000000,0000
276,-52.00000000000000,0.00000000000000,-52.00000000000000,0.00000000000000,-66.75277892739466,-1.03513192946477,-52.00000000000000,0.00000000000000,0000
277,-52.00000000000000,0.00000000000000,-52.00000000000000,0.00000000000000,-66.61608244731062,-0.99454382595912,-52.00000000000000,0.00000000000000,0000
278,-52.00000000000000,0.00000000000000,-52.00000000000000,0.00000000000000,-66.48035024528782,-0.95554720475566,-52.00000000000000,0.00000000000000,0000
279,-52.00000000000000,0.00000000000000,-52.00000000000000,0.00000000000000,-66.34558824906595,-0.91807966294077,-52.00000000000000,0.00000000000000,0000
280,-52.00000000000000,0.00000000000000,-52.00000000000000,0.00000000000000,-66.21180171875810,-0.88208124445401,-52.00000000000000,0.00000000000000,0000
281,-52.00000000000000,0.00000000000000,-52.00000000000000,0.00000000000000,-66.07899527735898,-0.84749434414575,-52.00000000000000,0.00000000000000,0000
282,-52.00000000000000,0.00000000000000,-52.00000000000000,0.00000000000000,-65.94717294001403,-0.81426361559656,-52.00000000000000,0.00000000000000,0000
283,-52.00000000000000,0.00000000000000,-52.00000000000000,0.00000000000000,-65.81633814209785,-0.78233588255117,-52.00000000000000,0.00000000000000,0000
284,-52.00000000000000,0.00000000000000,-52.00000000000000,0.00000000000000,-65.68649376614984,-0.75166005382507,-52.00000000000000,0.00000000000000,0000
285,-52.00000000000000,0.00000000000000,-52.00000000000000,0.00000000000000,-65.55764216771155,-0.72218704154780,-52.00000000000000,0.00000000000000,0000
286,-52.00000000000000,0.00000000000000,-52.00000000000000,0.00000000000000,-65.42978520010966,-0.69386968261178,-52.00000000000000,0.00000000000000,0000
287,-52.00000000000000,0.00000000000000,-52.00000000000000,0.00000000000000,-65.30292423822628,-0.66666266320138,-52.00000000000000,0.00000000000000,0000
288,-52.00000000000000,0.00000000000000,-52.00000000000000,0.00000000000000,-65.17706020129646,-0.64052244628104,-52.00000000000000,0.00000000000000,0000
289,-52.00000000000000,0.00000000000000,-52.00000000000000,0.00000000000000,-65.05219357477178,-0.61540720192684,-52.00000000000000,0.00000000000000,0000
290,-52.00000000000000,0.00000000000000,-52.00000000000000,0.00000000000000,-64.92832443128680,-0.59127674038959,-52.00000000000000,0.00000000000000,0000
291,-52.00000000000000,0.00000000000000,-52.00000000000000,0.00000000000000,-64.80545245076405,-0.56809244778272,-52.00000000000000,0.00000000000000,0000
292,-52.00000000000000,0.00000000000000,-52.00000000000000,0.00000000000000,-64.68357693969169,-0.54581722429183,-52.00000000000000,0.00000000000000,0000
293,-52.00000000000000,0.00000000000000,-52.00000000000000,0.00000000000000,-64.56269684960672,-0.52441542480703,-52.00000000000000,0.00000000000000,0000
294,-52.00000000000000,0.00000000000000,-52.00000000000000,0.00000000000000,-64.44281079481517,-0.50385280188317,-52.00000000000000,0.00000000000000,0000
295,-52.00000000000000,0.00000000000000,-52.00000000000000,0.00000000000000,-64.32391706937973,-0.48409645093666,-52.00000000000000,0.00000000000000,0000
296,-52.00000000000000,0.00000000000000,-52.00000000000000,0.00000000000000,-64.20601366340371,-0.46511475759106,-52.00000000000000,0.00000000000000,0000
297,-52.00000000000000,0.00000000000000,-52.00000000000000,0.00000000000000,-64.08909827863957,-0.44687734708739,-52.00000000000000,0.00000000000000,0000
298,-52.00000000000000,0.00000000000000,-52.00000000000000,0.00000000000000,-63.97316834344851,-0.42935503567797,-52.00000000000000,0.00000000000000,0000
299,-52.00000000000000,0.00000000000000,-52.00000000000000,0.00000000000000,-63.85822102713736,-0.41251978392626,-52.00000000000000,0.00000000000000,0000
300,-52.00000000000000,0.00000000000000,-52.00000000000000,0.00000000000000,-63.74425325369713,-0.39634465183775,-52.00000000000000,0.00000000000000,0000
301,-52.00000000000000,0.00000000000000,-52.00000000000000,0.00000000000000,-63.63126171496734,-0.38080375575022,-52.00000000000000,0.00000000000000,1000
302,-52.00000000000000,0.00000000000000,-52.00000000000000,0.00000000000000,-63.51924288324889,-0.36587222691435,-52.00000000000000,0.00000000000000,0000
303,-52.00000000000000,0.00000000000000,-52.00000000000000,0.00000000000000,-63.40819302338736,-0.35152617169845,-52.00000000000000,0.00000000000000,0000
304,-52.00000000000000,0.00000000000000,-52.00000000000000,0.00000000000000,-63.29810820434808,-0.33774263335351,-52.00000000000000,0.00000000000000,0000
305,-52.00000000000000,0.00000000000000,-52.00000000000000,0.00000000000000,-63.18898431030296,-0.32449955527755,-52.00000000000000,0.00000000000000,0000
306,-52.00000000000000,0.00000000000000,-52.00000000000000,0.00000000000000,-63.08081705124881,-0.31177574572030,-52.00000000000000,0.00000000000000,0000
307,-52.00000000000000,0.00000000000000,-52.00000000000000,0.00000000000000,-62.97360197317566,-0.29955084387190,-52.00000000000000,0.00000000000000,0000
308,-52.00000000000000,0.00000000000000,-52.00000000000000,0.00000000000000,-62.86733446780327,-0.28780528728129,-52.00000000000000,0.00000000000000,0000
309,-52.00000000000000,0.00000000000000,-52.00000000000000,0.00000000000000,-62.76200978190288,-0.27652028055206,-52.00000000000000,0.00000000000000,0000
310,-52.00000000000000,0.00000000000000,-52.00000000000000,0.00000000000000,-62.65762302622085,-0.26567776526586,-52.00000000000000,0.00000000000000,0000
311,-52.00000000000000,0.00000000000000,-51.32944929048897,66.05427394172222,-63.22471989353139,-66.30953433280725,-52.00000000000000,0.00000000000000,0000
312,-52.00000000000000,0.00000000000000,-50.69186334141392,63.46424881408120,-63.75977977784206,-63.70950030206959,-52.00000000000000,0.00000000000000,0000
313,-52.00000000000000,0.00000000000000,-50.08588319761488,60.97578002430457,-64.26415638678148,-61.21141506390020,-52.00000000000000,0.00000000000000,0000
314,-52.00000000000000,0.00000000000000,-49.51020384990159,58.58488549142702,-64.73914937800713,-58.81128114896475,-52.00000000000000,0.00000000000000,0000
315,-52.00000000000000,0.00000000000000,-48.96357211322905,56.28773927411124,-65.18600648819000,-56.50525783094344,-52.00000000000000,0.00000000000000,0000
316,-52.00000000000000,0.00000000000000,-48.44478458813614,54.08066544832553,-65.60592557842459,-54.28965498054956,-52.00000000000000,0.00000000000000,0000
317,-52.00000000000000,0.00000000000000,-47.95268570218239,51.96013222508111,-66.00005659934197,-52.16092716053534,-52.00000000000000,0.00000000000000,0000
318,-52.00000000000000,0.00000000000000,-47.48616582824500,49.92274629881624,-66.36950347907565,-50.11566795223593,-52.00000000000000,0.00000000000000,0000
319,-52.00000000000000,0.00000000000000,-47.04415947666213,47.96524741738337,-66.71532593710590,-48.15060450457282,-52.00000000000000,0.00000000000000,0000
320,-52.00000000000000,0.00000000000000,-46.62564355832598,46.08450316495018,-67.03854122688999,-46.26259229679385,-52.00000000000000,0.00000000000000,0000
321,-52.00000000000000,0.00000000000000,-46.22963571594320,44.27750394946595,-67.34012581007150,-44.44861010656915,-52.00000000000000,0.00000000000000,0000
322,-52.00000000000000,0.00000000000000,-45.85519272078918,42.54135818667217,-67.62101696495245,-42.70575517539086,-52.00000000000000,0.00000000000000,0000
323,-52.00000000000000,0.00000000000000,-45.50140893238741,40.87328767295084,-67.88211433180683,-41.03123856354020,-52.00000000000000,0.00000000000000,0000
324,-52.00000000000000,0.00000000000000,-45.16741481864602,39.27062313960601,-68.12428139751279,-39.42238068718896,-52.00000000000000,0.00000000000000,0000
325,-52.00000000000000,0.00000000000000,-52.00000000000000,0.00000000000000,-68.34834692188375,-37.87660703049366,-52.00000000000000,0.00000000000000,0100
326,-52.00000000000000,0.00000000000000,-52.00000000000000,0.00000000000000,-68.55510630798534,-36.39144402582095,-52.00000000000000,0.00000000000000,0000
327,-52.00000000000000,0.00000000000000,-52.00000000000000,0.00000000000000,-68.74532291863554,-34.96451509551166,-52.00000000000000,0.00000000000000,0000
328,-52.00000000000000,0.00000000000000,-52.00000000000000,0.00000000000000,-68.91972934119858,-33.59353684884959,-52.00000000000000,0.00000000000000,0000
329,-52.00000000000000,0.00000000000000,-52.00000000000000,0.00000000000000,-69.07902860270157,-32.27631542814910,-52.00000000000000,0.00000000000000,0000
330,-52.00000000000000,0.00000000000000,-52.00000000000000,0.00000000000000,-69.22389533722193,-31.01074299811485,-52.00000000000000,0.00000000000000,0000
331,-52.00000000000000,0.00000000000000,-52.00000000000000,0.00000000000000,-69.35497690741838,-29.79479437285559,-52.00000000000000,0.00000000000000,0000
332,-52.00000000000000,0.00000000000000,-52.00000000000000,0.00000000000000,-69.47289448200408,-28.62652377515472,-52.00000000000000,0.00000000000000,0000
333,-52.00000000000000,0.00000000000000,-52.00000000000000,0.00000000000000,-69.57824407089056,-27.50406172281155,-52.00000000000000,0.00000000000000,0000
334,-52.00000000000000,0.00000000000000,-52.00000000000000,0.00000000000000,-69.67159751966265,-26.42561203707099,-52.00000000000000,0.00000000000000,0000
335,-52.00000000000000,0.00000000000000,-52.00000000000000,0.00000000000000,-69.75350346498016,-25.38944896835432,-51.32944929048897,66.05427394172222,0000
336,-52.00000000000000,0.00000000000000,-52.00000000000000,0.00000000000000,-69.82448825243907,-24.39391443469168,-50.69186334141392,63.46424881408120,0000
337,-52.00000000000000,0.00000000000000,-52.00000000000000,0.00000000000000,-69.88505681836487,-23.43741536843718,-50.08588319761488,60.97578002430457,0000
338,-52.00000000000000,0.00000000000000,-52.00000000000000,0.00000000000000,-69.93569353695345,-22.51842116702079,-49.51020384990159,58.58488549142702,0000
339,-52.00000000000000,0.00000000000000,-52.00000000000000,0.00000000000000,-69.97686303411845,-21.63546124365771,-48.96357211322905,56.28773927411124,0000
340,-52.00000000000000,0.00000000000000,-52.00000000000000,0.00000000000000,-70.00901096935192,-20.78712267409572,-48.44478458813614,54.08066544832553,0000
341,-52.00000000000000,0.00000000000000,-52.00000000000000,0.00000000000000,-70.03256478685284,-19.97204793563496,-47.95268570218239,51.96013222508111,0000
342,-52.00000000000000,0.00000000000000,-52.00000000000000,0.00000000000000,-70.04793443712936,-19.18893273480203,-47.48616582824500,49.92274629881624,0000
343,-52.00000000000000,0.00000000000000,-52.00000000000000,0.00000000000000,-70.05551307023335,-18.43652392020210,-47.04415947666213,47.96524741738337,0000
344,-52.00000000000000,0.00000000000000,-52.00000000000000,0.00000000000000,-70.05567770174022,-17.71361747720936,-46.62564355832598,46.08450316495018,0000
345,-52.00000000000000,0.00000000000000,-52.00000000000000,0.00000000000000,-70.04878985254336,-17.01905660128677,-46.22963571594320,44.27750394946595,0000
346,-52.00000000000000,0.00000000000000,-52.00000000000000,0.00000000000000,-70.03519616349080,-16.35172984685196,-45.85519272078918,42.54135818667217,0000
347,-52.00000000000000,0.00000000000000,-52.00000000000000,0.00000000000000,-70.01522898585100,-15.71056934872720,-45.50140893238741,40.87328767295084,0000
348,-52.00000000000000,0.00000000000000,-52.00000000000000,0.00000000000000,-69.98920694855659,-15.09454911332729,-45.16741481864602,39.27062313960601,0000
349,-52.00000000000000,0.00000000000000,-52.00000000000000,0.00000000000000,-69.95743550313696,-14.50268337685092,-52.00000000000000,0.00000000000000,0001
350,-52.00000000000000,0.00000000000000,-52.00000000000000,0.00000000000000,-69.92020744721542,-13.93402502784832,-52.00000000000000,0.00000000000000,0000
351,-52.00000000000000,0.00000000000000,-52.00000000000000,0.00000000000000,-69.87780342741195,-13.38766409164082,-52.00000000000000,0.00000000000000,0000
352,-52.00000000000000,0.00000000000000,-52.00000000000000,0.00000000000000,-69.83049242245998,-12.86272627416728,-52.00000000000000,0.00000000000000,0000
353,-52.00000000000000,0.00000000000000,-52.00000000000000,0.00000000000000,-69.77853220731342,-12.35837156292703,-52.00000000000000,0.00000000000000,0000
354,-52.00000000000000,0.00000000000000,-52.00000000000000,0.00000000000000,-69.72216979899011,-11.87379288278068,-52.00000000000000,0.00000000000000,0000
355,-52.00000000000000,0.00000000000000,-52.00000000000000,0.00000000000000,-69.66164188486847,-11.40821480445770,-52.00000000000000,0.00000000000000,0000
356,-52.00000000000000,0.00000000000000,-52.00000000000000,0.00000000000000,-69.59717523412604,-10.96089230370414,-52.00000000000000,0.00000000000000,0000
357,-52.00000000000000,0.00000000000000,-52.00000000000000,0.00000000000000,-69.52898709298144,-10.53110956908492,-52.00000000000000,0.00000000000000,0000
358,-52.00000000000000,0.00000000000000,-52.00000000000000,0.00000000000000,-69.45728556437560,-10.11817885653276,-52.00000000000000,0.00000000000000,0000
359,-52.00000000000000,0.00000000000000,-52.00000000000000,0.00000000000000,-69.38226997270301,-9.72143938881101,-52.00000000000000,0.00000000000000,0000
360,-52.00000000000000,0.00000000000000,-52.00000000000000,0.00000000000000,-69.30413121417975,-9.34025629812903,-52.00000000000000,0.00000000000000,0000
361,-52.00000000000000,0.00000000000000,-52.00000000000000,0.00000000000000,-69.22305209341209,-8.97401961021835,-52.00000000000000,0.00000000000000,0000
362,-52.00000000000000,0.00000000000000,-52.00000000000000,0.00000000000000,-69.13920764670750,-8.62214326824363,-52.00000000000000,0.00000000000000,0000
363,-52.00000000000000,0.00000000000000,-52.00000000000000,0.00000000000000,-69.05276545264834,-8.28406419498678,-52.00000000000000,0.00000000000000,0000
364,-52.00000000000000,0.00000000000000,-52.00000000000000,0.00000000000000,-68.96388593042835,-7.95924139180319,-52.00000000000000,0.00000000000000,0000
365,-52.00000000000000,0.00000000000000,-52.00000000000000,0.00000000000000,-68.87272262643235,-7.64715507290854,-52.00000000000000,0.00000000000000,0000
366,-52.00000000000000,0.00000000000000,-52.00000000000000,0.00000000000000,-68.77942248952070,-7.34730583361064,-52.00000000000000,0.00000000000000,0000
367,-52.00000000000000,0.00000000000000,-52.00000000000000,0.00000000000000,-68.68412613546207,-7.05921385115536,-52.00000000000000,0.00000000000000,0000
368,-52.00000000000000,0.00000000000000,-52.00000000000000,0.00000000000000,-68.58696810094048,-6.78241811690787,-52.00000000000000,0.00000000000000,0000
369,-52.00000000000000,0.00000000000000,-52.00000000000000,0.00000000000000,-68.48807708754605,-6.51647569864047,-52.00000000000000,0.00000000000000,0000
370,-52.00000000000000,0.00000000000000,-52.00000000000000,0.00000000000000,-68.38757619614276,-6.26096103174652,-52.00000000000000,0.00000000000000,0000
371,-52.00000000000000,0.00000000000000,-52.00000000000000,0.00000000000000,-68.28558315199108,-6.01546523824629,-52.00000000000000,0.00000000000000,0000
372,-52.00000000000000,0.00000000000000,-52.00000000000000,0.00000000000000,-68.18221052098858,-5.77959547249495,-52.00000000000000,0.00000000000000,0000
373,-52.00000000000000,0.00000000000000,-52.00000000000000,0.00000000000000,-68.07756591737723,-5.55297429254573,-52.00000000000000,0.00000000000000,0000
374,-52.00000000000000,0.00000000000000,-52.00000000000000,0.00000000000000,-67.97175220325263,-5.33523905616228,-52.00000000000000,0.00000000000000,0000
375,-52.00000000000000,0.00000000000000,-52.00000000000000,0.00000000000000,-67.86486768019711,-5.12604134051373,-52.00000000000000,0.00000000000000,0000
376,-52.00000000000000,0.00000000000000,-52.00000000000000,0.00000000000000,-67.75700627334609,-4.92504638462381,-52.00000000000000,0.00000000000000,0000
377,-52.00000000000000,0.00000000000000,-52.00000000000000,0.00000000000000,-67.64825770818484,-4.73193255368188,-52.00000000000000,0.00000000000000,0000
378,-52.00000000000000,0.00000000000000,-52.00000000000000,0.00000000000000,-67.53870768036134,-4.54639082435864,-52.00000000000000,0.00000000000000,0000
379,-52.00000000000000,0.00000000000000,-52.00000000000000,0.00000000000000,-67.42843801878941,-4.36812429030280,-52.00000000000000,0.00000000000000,0000
380,-52.00000000000000,0.00000000000000,-52.00000000000000,0.00000000000000,-67.31752684230590,-4.19684768702767,-52.00000000000000,0.00000000000000,0000
381,-52.00000000000000,0.00000000000000,-52.00000000000000,0.00000000000000,-67.20604871013514,-4.03228693542704,-52.00000000000000,0.00000000000000,0000
382,-52.00000000000000,0.00000000000000,-52.00000000000000,0.00000000000000,-67.09407476640381,-3.87417870319019,-52.00000000000000,0.00000000000000,0000
383,-52.00000000000000,0.00000000000000,-52.00000000000000,0.00000000000000,-66.98167287894029,-3.72226998341397,-52.00000000000000,0.00000000000000,0000
384,-52.00000000000000,0.00000000000000,-52.00000000000000,0.00000000000000,-66.86890777258282,-3.57631768973784,-52.00000000000000,0.00000000000000,0000
385,-52.00000000000000,0.00000000000000,-52.00000000000000,0.00000000000000,-66.75584115721246,-3.43608826735375,-52.00000000000000,0.00000000000000,0000
386,-52.00000000000000,0.00000000000000,-52.00000000000000,0.00000000000000,-66.64253185071811,-3.30135731926869,-52.00000000000000,0.00000000000000,0000
387,-52.00000000000000,0.00000000000000,-52.00000000000000,0.00000000000000,-66.52903589709270,-3.17190924722158,-52.00000000000000,0.00000000000000,0000
388,-52.00000000000000,0.00000000000000,-52.00000000000000,0.00000000000000,-66.41540667985201,-3.04753690668009,-52.00000000000000,0.00000000000000,0000
389,-52.00000000000000,0.00000000000000,-52.00000000000000,0.00000000000000,-66.30169503096010,-2.92804127536517,-52.00000000000000,0.00000000000000,0000
390,-52.00000000000000,0.00000000000000,-52.00000000000000,0.00000000000000,-66.18794933543769,-2.81323113477295,-52.00000000000000,0.00000000000000,0000
391,-52.00000000000000,0.00000000000000,-52.00000000000000,0.00000000000000,-66.07421563182358,-2.70292276418436,-52.00000000000000,0.00000000000000,0000
392,-52.00000000000000,0.00000000000000,-52.00000000000000,0.00000000000000,-65.96053770865181,-2.59693964667274,-52.00000000000000,0.00000000000000,0000
393,-52.00000000000000,0.00000000000000,-52.00000000000000,0.00000000000000,-65.84695719710167,-2.49511218663913,-52.00000000000000,0.00000000000000,0000
394,-52.00000000000000,0.00000000000000,-52.00000000000000,0.00000000000000,-65.73351365997050,-2.39727743842314,-52.00000000000000,0.00000000000000,0000
395,-52.00000000000000,0.00000000000000,-52.00000000000000,0.00000000000000,-65.62024467711451,-2.30327884555509,-52.00000000000000,0.00000000000000,0000
396,-52.00000000000000,0.00000000000000,-52.00000000000000,0.00000000000000,-65.50718592749605,-2.21296599023228,-52.00000000000000,0.00000000000000,0000
397,-52.00000000000000,0.00000000000000,-52.00000000000000,0.00000000000000,-65.39437126797111,-2.12619435261844,-52.00000000000000,0.00000000000000,0000
398,-52.00000000000000,0.00000000000000,-52.00000000000000,0.00000000000000,-65.28183280894515,-2.04282507958111,-52.00000000000000,0.00000000000000,0000
399,-52.00000000000000,0.00000000000000,-52.00000000000000,0.00000000000000,-65.16960098702069,-1.96272476249703,-52.00000000000000,0.00000000000000,0000
400,-52.00000000000000,0.00000000000000,-52.00000000000000,0.00000000000000,-65.05770463475460,-1.88576522376990,-52.00000000000000,0.00000000000000,0000
401,-52.00000000000000,0.00000000000000,-52.00000000000000,0.00000000000000,-64.94617104763938,-1.81182331171884,-52.00000000000000,0.00000000000000,0000
402,-52.00000000000000,0.00000000000000,-52.00000000000000,0.00000000000000,-64.83502604841721,-1.74078070350945,-52.00000000000000,0.00000000000000,0000
403,-52.00000000000000,0.00000000000000,-52.00000000000000,0.00000000000000,-64.72429404883212,-1.67252371581203,-52.00000000000000,0.00000000000000,0000
404,-52.00000000000000,0.00000000000000,-52.00000000000000,0.00000000000000,-64.61399810892085,-1.60694312288400,-52.00000000000000,0.00000000000000,0000
405,-52.00000000000000,0.00000000000000,-52.00000000000000,0.00000000000000,-64.50415999393950,-1.54393398178540,-52.00000000000000,0.00000000000000,0000
406,-52.00000000000000,0.00000000000000,-52.00000000000000,0.00000000000000,-64.39480022901897,-1.48339546444781,-52.00000000000000,0.00000000000000,0000
407,-52.00000000000000,0.00000000000000,-52.00000000000000,0.00000000000000,-64.28593815163869,-1.42523069632791,-52.00000000000000,0.00000000000000,0000
408,-52.00000000000000,0.00000000000000,-52.00000000000000,0.00000000000000,-64.17759196200447,-1.36934660138757,-52.00000000000000,0.00000000000000,0000
409,-52.00000000000000,0.00000000000000,-52.00000000000000,0.00000000000000,-64.06977877141321,-1.31565375315230,-52.00000000000000,0.00000000000000,0000
410,-52.00000000000000,0.00000000000000,-52.00000000000000,0.00000000000000,-63.96251464868358,-1.26406623160985,-52.00000000000000,0.00000000000000,0000
411,-52.00000000000000,0.00000000000000,-52.00000000000000,0.00000000000000,-63.85581466472898,-1.21450148571981,-52.00000000000000,0.00000000000000,0000
412,-52.00000000000000,0.00000000000000,-52.00000000000000,0.00000000000000,-63.74969293534609,-1.16688020131440,-52.00000000000000,0.00000000000000,0000
413,-52.00000000000000,0.00000000000000,-52.00000000000000,0.00000000000000,-63.64416266228907,-1.12112617417882,-52.00000000000000,0.00000000000000,0000
414,-52.00000000000000,0.00000000000000,-52.00000000000000,0.00000000000000,-63.53923617269734,-1.07716618810825,-52.00000000000000,0.00000000000000,0000
415,-52.00000000000000,0.00000000000000,-52.00000000000000,0.00000000000000,-63.43492495694153,-1.03492989774638,-52.00000000000000,0.00000000000000,0000
416,-52.00000000000000,0.00000000000000,-52.00000000000000,0.00000000000000,-63.33123970495022,-0.99434971601771,-52.00000000000000,0.00000000000000,0000
417,-52.00000000000000,0.00000000000000,-52.00000000000000,0.00000000000000,-63.22819034107725,-0.95536070597393,-52.00000000000000,0.00000000000000,0000
418,-52.00000000000000,0.00000000000000,-52.00000000000000,0.00000000000000,-63.12578605756725,-0.91790047688086,-52.00000000000000,0.00000000000000,0000
419,-52.00000000000000,0.00000000000000,-52.00000000000000,0.00000000000000,-63.02403534667467,-0.88190908438001,-52.00000000000000,0.00000000000000,0000
420,-52.00000000000000,0.00000000000000,-52.00000000000000,0.00000000000000,-62.92294603148937,-0.84732893456481,-52.00000000000000,0.00000000000000,0000
421,-52.00000000000000,0.00000000000000,-52.00000000000000,0.00000000000000,-62.82252529552008,-0.81410469181806,-52.00000000000000,0.00000000000000,0000
422,-52.00000000000000,0.00000000000000,-52.00000000000000,0.00000000000000,-62.72277971108440,-0.78218319026315,-52.00000000000000,0.00000000000000,0000
423,-52.00000000000000,0.00000000000000,-52.00000000000000,0.00000000000000,-62.62371526655277,-0.75151334868730,-52.00000000000000,0.00000000000000,0000
424,-52.00000000000000,0.00000000000000,-52.00000000000000,0.00000000000000,-62.52533739249154,-0.72204608880076,-52.00000000000000,0.00000000000000,0000
425,-52.00000000000000,0.00000000000000,-52.00000000000000,0.00000000000000,-62.42765098674862,-0.69373425670101,-52.00000000000000,0.00000000000000,0000
426,-52.00000000000000,0.00000000000000,-52.00000000000000,0.00000000000000,-62.33066043852362,-0.66653254741652,-52.00000000000000,0.00000000000000,0000
427,-52.00000000000000,0.00000000000000,-52.00000000000000,0.00000000000000,-62.23436965146244,-0.64039743240908,-52.00000000000000,0.00000000000000,0000
428,-52.00000000000000,0.00000000000000,-52.00000000000000,0.00000000000000,-62.13878206581495,-0.61528708991891,-52.00000000000000,0.00000000000000,0000
429,-52.00000000000000,0.00000000000000,-52.00000000000000,0.00000000000000,-62.04390067969292,-0.59116133804086,-52.00000000000000,0.00000000000000,0000
430,-52.00000000000000,0.00000000000000,-52.00000000000000,0.00000000000000,-61.94972806946363,-0.56798157042481,-52.00000000000000,0.00000000000000,0000
431,-52.00000000000000,0.00000000000000,-52.00000000000000,0.00000000000000,-61.85626640931336,-0.54571069449731,-52.00000000000000,0.00000000000000,0000
432,-52.00000000000000,0.00000000000000,-52.00000000000000,0.00000000000000,-61.76351749001377,-0.52431307210550,-52.00000000000000,0.00000000000000,0000
433,-52.00000000000000,0.00000000000000,-52.00000000000000,0.00000000000000,-61.67148273692259,-0.50375446248847,-52.00000000000000,0.00000000000000,0000
434,-52.00000000000000,0.00000000000000,-52.00000000000000,0.00000000000000,-61.58016322724894,-0.48400196748478,-52.00000000000000,0.00000000000000,0000
435,-52.00000000000000,0.00000000000000,-52.00000000000000,0.00000000000000,-61.48955970661245,-0.46502397888832,-52.00000000000000,0.00000000000000,0000
436,-52.00000000000000,0.00000000000000,-52.00000000000000,0.00000000000000,-61.39967260492422,-0.44679012786849,-52.00000000000000,0.00000000000000,0000
437,-52.00000000000000,0.00000000000000,-52.00000000000000,0.00000000000000,-61.31050205161630,-0.42927123637356,-52.00000000000000,0.00000000000000,0000
438,-52.00000000000000,0.00000000000000,-52.00000000000000,0.00000000000000,-61.22204789024580,-0.41243927043958,-52.00000000000000,0.00000000000000,0000
439,-52.00000000000000,0.00000000000000,-52.00000000000000,0.00000000000000,-61.13430969249815,-0.39626729533004,-52.00000000000000,0.00000000000000,0000
440,-52.00000000000000,0.00000000000000,-52.00000000000000,0.00000000000000,-61.04728677161360,-0.38072943243455,-52.00000000000000,0.00000000000000,0000
441,-52.00000000000000,0.00000000000000,-52.00000000000000,0.00000000000000,-60.96097819525965,-0.36580081785758,-52.00000000000000,0.00000000000000,0000
442,-52.00000000000000,0.00000000000000,-52.00000000000000,0.00000000000000,-60.87538279787152,-0.35145756263084,-52.00000000000000,0.00000000000000,0000
443,-52.00000000000000,0.00000000000000,-52.00000000000000,0.00000000000000,-60.79049919248180,-0.33767671448593,-52.00000000000000,0.00000000000000,0000
444,-52.00000000000000,0.00000000000000,-52.00000000000000,0.00000000000000,-60.70632578205948,-0.32443622112574,-52.00000000000000,0.00000000000000,0000
445,-52.00000000000000,0.00000000000000,-52.00000000000000,0.00000000000000,-60.62286077037797,-0.31171489493610,-52.00000000000000,0.00000000000000,0000
446,-52.00000000000000,0.00000000000000,-52.00000000000000,0.00000000000000,-60.54010217243078,-0.29949237908108,-52.00000000000000,0.00000000000000,0000
447,-52.00000000000000,0.00000000000000,-52.00000000000000,0.00000000000000,-60.45804782441289,-0.28774911492770,-52.00000000000000,0.00000000000000,0000
448,-52.00000000000000,0.00000000000000,-52.00000000000000,0.00000000000000,-60.37669539328505,-0.27646631074796,-52.00000000000000,0.00000000000000,0000
449,-52.00000000000000,0.00000000000000,-52.00000000000000,0.00000000000000,-60.29604238593770,-0.26562591164805,-52.00000000000000,0.00000000000000,0000
450,-52.00000000000000,0.00000000000000,-52.00000000000000,0.00000000000000,-60.21608615797032,-0.25521057067665,-52.00000000000000,0.00000000000000,0000
451,-52.00000000000000,0.00000000000000,-52.00000000000000,0.00000000000000,-60.13682392210179,-0.24520362106617,-52.00000000000000,0.00000000000000,0000
452,-52.00000000000000,0.00000000000000,-52.00000000000000,0.00000000000000,-60.05825275622612,-0.23558904956228,-52.00000000000000,0.00000000000000,0000
453,-52.00000000000000,0.00000000000000,-52.00000000000000,0.00000000000000,-59.98036961112808,-0.22635147079937,-52.00000000000000,0.00000000000000,0000
454,-52.00000000000000,0.00000000000000,-52.00000000000000,0.00000000000000,-59.90317131787199,-0.21747610268063,-52.00000000000000,0.00000000000000,0000
455,-52.00000000000000,0.00000000000000,-52.00000000000000,0.00000000000000,-59.82665459487696,-0.20894874272356,-52.00000000000000,0.00000000000000,0000
456,-52.00000000000000,0.00000000000000,-52.00000000000000,0.00000000000000,-59.75081605469097,-0.20075574533295,-52.00000000000000,0.00000000000000,0000
457,-52.00000000000000,0.00000000000000,-52.00000000000000,0.00000000000000,-59.67565221047585,-0.19288399996505,-52.00000000000000,0.00000000000000,0000
458,-52.00000000000000,0.00000000000000,-52.00000000000000,0.00000000000000,-59.60115948221485,-0.18532091014788,-52.00000000000000,0.00000000000000,0000
459,-52.00000000000000,0.00000000000000,-52.00000000000000,0.00000000000000,-59.52733420265372,-0.17805437332418,-52.00000000000000,0.00000000000000,0000
460,-52.00000000000000,0.00000000000000,-52.00000000000000,0.00000000000000,-59.45417262298613,-0.17107276148476,-52.00000000000000,0.00000000000000,0000
461,-52.00000000000000,0.00000000000000,-52.00000000000000,0.00000000000000,-59.38167091829362,-0.16436490256118,-52.00000000000000,0.00000000000000,0000
462,-52.00000000000000,0.00000000000000,-52.00000000000000,0.00000000000000,-59.30982519274994,-0.15792006254808,-52.00000000000000,0.00000000000000,0000
463,-52.00000000000000,0.00000000000000,-52.00000000000000,0.00000000000000,-59.23863148459920,-0.15172792832647,-52.00000000000000,0.00000000000000,0000
464,-52.00000000000000,0.00000000000000,-52.00000000000000,0.00000000000000,-59.16808577091699,-0.14577859116053,-52.00000000000000,0.00000000000000,0000
465,-52.00000000000000,0.00000000000000,-52.00000000000000,0.00000000000000,-59.09818397216318,-0.14006253084154,-52.00000000000000,0.00000000000000,0000
466,-52.00000000000000,0.00000000000000,-52.00000000000000,0.00000000000000,-59.02892195653472,-0.13457060045350,-52.00000000000000,0.00000000000000,0000
467,-52.00000000000000,0.00000000000000,-52.00000000000000,0.00000000000000,-58.96029554412655,-0.12929401173611,-52.00000000000000,0.00000000000000,0000
468,-52.00000000000000,0.00000000000000,-52.00000000000000,0.00000000000000,-58.89230051090837,-0.12422432102169,-52.00000000000000,0.00000000000000,0000
469,-52.00000000000000,0.00000000000000,-52.00000000000000,0.00000000000000,-58.82493259252468,-0.11935341572351,-52.00000000000000,0.00000000000000,0000
470,-52.00000000000000,0.00000000000000,-52.00000000000000,0.00000000000000,-58.75818748792518,-0.11467350135391,-52.00000000000000,0.00000000000000,0000
471,-52.00000000000000,0.00000000000000,-52.00000000000000,0.00000000000000,-58.69206086283251,-0.11017708905145,-52.00000000000000,0.00000000000000,0000
472,-52.00000000000000,0.00000000000000,-52.00000000000000,0.00000000000000,-58.62654835305370,-0.10585698359718,-52.00000000000000,0.00000000000000,0000
473,-52.00000000000000,0.00000000000000,-52.00000000000000,0.00000000000000,-58.56164556764193,-0.10170627190069,-52.00000000000000,0.00000000000000,0000
474,-52.00000000000000,0.00000000000000,-52.00000000000000,0.00000000000000,-58.49734809191446,-0.09771831193774,-52.00000000000000,0.00000000000000,0000
475,-52.00000000000000,0.00000000000000,-52.00000000000000,0.00000000000000,-58.43365149033260,-0.09388672212157,-52.00000000000000,0.00000000000000,0000
476,-52.00000000000000,0.00000000000000,-52.00000000000000,0.00000000000000,-58.37055130924944,-0.09020537109104,-52.00000000000000,0.00000000000000,0000
477,-52.00000000000000,0.00000000000000,-52.00000000000000,0.00000000000000,-58.30804307953058,-0.08666836789908,-52.00000000000000,0.00000000000000,0000
478,-52.00000000000000,0.00000000000000,-52.00000000000000,0.00000000000000,-58.24612231905310,-0.08327005258601,-52.00000000000000,0.00000000000000,0000
479,-52.00000000000000,0.00000000000000,-52.00000000000000,0.00000000000000,-58.18478453508775,-0.08000498712229,-52.00000000000000,0.00000000000000,0000
480,-52.00000000000000,0.00000000000000,-52.00000000000000,0.00000000000000,-58.12402522656902,-0.07686794670662,-52.00000000000000,0.00000000000000,0000
481,-52.00000000000000,0.00000000000000,-52.00000000000000,0.00000000000000,-58.06383988625787,-0.07385391140504,-52.00000000000000,0.00000000000000,0000
482,-52.00000000000000,0.00000000000000,-52.00000000000000,0.00000000000000,-58.00422400280125,-0.07095805811806,-52.00000000000000,0.00000000000000,0000
483,-52.00000000000000,0.00000000000000,-52.00000000000000,0.00000000000000,-57.94517306269293,-0.06817575286258,-52.00000000000000,0.00000000000000,0000
484,-52.00000000000000,0.00000000000000,-52.00000000000000,0.00000000000000,-57.88668255213940,-0.06550254335663,-52.00000000000000,0.00000000000000,0000
485,-52.00000000000000,0.00000000000000,-52.00000000000000,0.00000000000000,-57.82874795883498,-0.06293415189467,-52.00000000000000,0.00000000000000,0000
486,-52.00000000000000,0.00000000000000,-52.00000000000000,0.00000000000000,-57.77136477364973,-0.06046646850240,-52.00000000000000,0.00000000000000,0000
487,-52.00000000000000,0.00000000000000,-52.00000000000000,0.00000000000000,-57.71452849223380,-0.05809554435995,-52.00000000000000,0.00000000000000,0000
488,-52.00000000000000,0.00000000000000,-52.00000000000000,0.00000000000000,-57.65823461654173,-0.05581758548284,-52.00000000000000,0.00000000000000,0000
489,-52.00000000000000,0.00000000000000,-52.00000000000000,0.00000000000000,-57.60247865627981,-0.05362894665090,-52.00000000000000,0.00000000000000,0000
490,-52.00000000000000,0.00000000000000,-52.00000000000000,0.00000000000000,-57.54725613028003,-0.05152612557505,-52.00000000000000,0.00000000000000,0000
491,-52.00000000000000,0.00000000000000,-52.00000000000000,0.00000000000000,-57.49256256780325,-0.04950575729294,-52.00000000000000,0.00000000000000,0000
492,-52.00000000000000,0.00000000000000,-52.00000000000000,0.00000000000000,-57.43839350977492,-0.04756460878429,-52.00000000000000,0.00000000000000,0000
493,-52.00000000000000,0.00000000000000,-52.00000000000000,0.00000000000000,-57.38474450995584,-0.04569957379736,-52.00000000000000,0.00000000000000,0000
494,-52.00000000000000,0.00000000000000,-52.00000000000000,0.00000000000000,-57.33161113605093,-0.04390766787827,-52.00000000000000,0.00000000000000,0000
495,-52.00000000000000,0.00000000000000,-52.00000000000000,0.00000000000000,-57.27898897075842,-0.04218602359525,-52.00000000000000,0.00000000000000,0000
496,-52.00000000000000,0.00000000000000,-52.00000000000000,0.00000000000000,-57.22687361276202,-0.04053188595014,-52.00000000000000,0.00000000000000,0000
497,-52.00000000000000,0.00000000000000,-52.00000000000000,0.00000000000000,-57.17526067766850,-0.03894260796983,-52.00000000000000,0.00000000000000,0000
498,-52.00000000000000,0.00000000000000,-52.00000000000000,0.00000000000000,-57.12414579889292,-0.03741564647046,-52.00000000000000,0.00000000000000,0000
499,-52.00000000000000,0.00000000000000,-52.00000000000000,0.00000000000000,-57.07352462849371,-0.03594855798787,-52.00000000000000,0.00000000000000,0000
500,-52.00000000000000,0.00000000000000,-52.00000000000000,0.00000000000000,-57.02339283795980,-0.03453899486750,-52.00000000000000,0.00000000000000,0000
